label,tweet
Neutral,"RT @HindiJKR: ‡§∞‡§æ‡§ú‡§®‡•Ä‡§§‡§ø ‡§Æ‡•á‡§Ç ‡§è‡§Ç‡§ü‡•ç‡§∞‡•Ä ‡§ï‡•á ‡§¨‡§æ‡§¶ ‡§Ö‡§™‡§®‡•á ‡§™‡§π‡§≤‡•á ‡§≠‡§æ‡§∑‡§£ ‡§Æ‡•á‡§Ç ‡§Æ‡§§‡§¶‡§æ‡§§‡§æ‡§ì‡§Ç ‡§∏‡•á ‡§¨‡•ã‡§≤‡•Ä‡§Ç ‡§™‡•ç‡§∞‡§ø‡§Ø‡§Ç‡§ï‡§æ ‡§ó‡§æ‡§Ç‡§ß‡•Ä ‡§µ‡§æ‡§°‡•ç‡§∞‡§æ- ""‡§Ü‡§™ ‡§ú‡§æ‡§ó‡§∞‡•Å‡§ï ‡§¨‡§®‡•á‡§Ç, ‡§á‡§∏‡§∏‡•á ‡§¨‡§°‡§º‡•Ä ‡§ï‡•ã‡§à ‡§¶‡•á‡§∂‡§≠‡§ï‡•ç‡§§‡§ø‚Ä¶"
Neutral,"RT @AaliyaAkhter: ‡§ï‡§∏‡§æ‡§¨ ‡§ï‡§æ ‡§´‡•Å‡§≤ ‡§´‡•â‡§∞‡•ç‡§Æ ‡§Ø‡§¶‡§ø ‡§ï‡§æ‡§Ç‡§ó‡•ç‡§∞‡•á‡§∏ ‡§∏‡§™‡§æ ‡§î‡§∞ ‡§¨‡§∏‡§™‡§æ ‡§π‡•ã ‡§∏‡§ï‡§§‡§æ ‡§π‡•à,
‡§§‡•ã Modi ‡§ï‡§æ ‡§´‡•Å‡§≤ ‡§´‡§æ‡§∞‡•ç‡§Æ 
M-‡§Æ‡§∏‡•Ç‡§¶ ‡§Ö‡§ú‡§π‡§∞ 
O-‡§ì‡§∏‡§æ‡§Æ‡§æ 
D-‡§¶‡§æ‡§ä‡§¶

 I-‡§Ü‡§à ‡§è‡§∏ ‡§Ü‡§à ‡§≠‡•Ä‚Ä¶"
Positive,RT @JhaSanjay: My next piece coming soon: The vitriol against young children featuring in the #SurfExcel advertisement is enough reason to‚Ä¶
Neutral,RT @kishanreddybjp: The beauty of Indian democracy is its participatory nature. Request you to share your ideas for the 2019 @BJP4India Man‚Ä¶
Neutral,"@Akshinii @IqbalZarmina @rishibagree @ImranKhanPTI IND mn jo hy,wo b tu hamara hy. Muslims  inherent.Dont wory &amp; wa‚Ä¶ https://t.co/MSsAFyXIvq"
Neutral,RT @RealHistoryPic: Arun Jaitley &amp; Narendra Modi during their schooling days respectively. (1950s) https://t.co/x7UFjGTjVk
Positive,"RT @INCIndia: In April 2015, Congress President @RahulGandhi first referred to the Modi govt. as the ""Suit Boot Sarkar"", in three years not‚Ä¶"
Neutral,"RT @prettypadmaja: @tehseenp Ramazan Dates 06th May to 4th June 2019 
Election Dates 11th April to 19 May 2019
Out of 543 seats only 169 se‚Ä¶"
Positive,"RT @aniruddhg1: The Congress meanwhile attacks Modi and the BJP, says it‚Äôs the first time that a pilot is a POW and the PM is campaigning.‚Ä¶"
Negative,RT @DwaipayanM: There may be a thousand reasons to dislike INC but there isn't a single reason to vote for a bigot like Modi!
Positive,"RT @jay_bhadrakali1: MODI RESPECTS OUR FORCES? 

YOU DECIDE üò† 

CAMERAMAN REALLY? 

PULWAMA PULWAMA PULWAMA.
SHUT YOUR MOUTH Modi Ji

Shame‚Ä¶"
Neutral,@Atheist_Krishna @theskindoctor13 Aaj sabhi modi bhakto ko edhar hi fsa kar rkh lo. üò£üôÑ
Neutral,@the_hindu MODI Vs NOBODY.
Neutral,RT @RenukaJain6: Respected guy who saved my life by giving me manta as my pinned tweet. He did things on condition that I don‚Äôt pay him a p‚Ä¶
Positive,RT @INCIndia: Friendship according to Modi: Let your friends steal thousands of crores from the country &amp; then send them off to safe havens‚Ä¶
